started_utc,method,host,path,status,status_text,mime,initiator,transfer_bytes
2026-08-05 21:04:22,GET,fb.html-load.com,/app.js,0,,x-unknown,script,0
2026-08-05 21:04:22,GET,fuel.norexceptdrug.com,/main.js,0,,x-unknown,script,0
2026-08-05 21:04:22,GET,html-load.com,/vendor.js,0,,x-unknown,parser,0
2026-08-05 21:04:22,GET,html-load.com,/vendor.js,0,,x-unknown,script,0
2026-08-05 21:04:23,GET,content-loader.com,/vendor.js,0,,x-unknown,script,0
2026-08-05 21:04:25,GET,fb.content-loader.com,/app.js,0,,x-unknown,script,0
2026-08-05 21:04:31,GET,html-load.com,/vendor.js,0,,x-unknown,parser,0
2026-08-05 21:04:31,GET,html-load.com,/vendor.js,0,,x-unknown,script,0
2026-08-05 21:04:32,GET,fb.html-load.com,/app.js,0,,x-unknown,script,0
2026-08-05 21:04:32,GET,fuel.norexceptdrug.com,/main.js,0,,x-unknown,script,0
2026-08-05 21:04:33,GET,content-loader.com,/vendor.js,0,,x-unknown,script,0
2026-08-05 21:04:35,GET,fb.content-loader.com,/app.js,0,,x-unknown,script,0
2026-08-05 21:04:40,GET,fb.html-load.com,/app.js,0,,x-unknown,script,0
2026-08-05 21:04:40,GET,html-load.com,/vendor.js,0,,x-unknown,parser,0
2026-08-05 21:04:40,GET,html-load.com,/vendor.js,0,,x-unknown,script,0
2026-08-05 21:04:41,GET,fuel.norexceptdrug.com,/main.js,0,,x-unknown,script,0
2026-08-05 21:04:42,GET,content-loader.com,/vendor.js,0,,x-unknown,script,0
2026-08-05 21:04:43,GET,fb.content-loader.com,/app.js,0,,x-unknown,script,0
2026-08-05 21:04:47,GET,fb.html-load.com,/app.js,0,,x-unknown,script,0
2026-08-05 21:04:47,GET,fuel.norexceptdrug.com,/main.js,0,,x-unknown,script,0
2026-08-05 21:04:47,GET,html-load.com,/vendor.js,0,,x-unknown,parser,0
2026-08-05 21:04:47,GET,html-load.com,/vendor.js,0,,x-unknown,script,0
2026-08-05 21:04:48,GET,content-loader.com,/vendor.js,0,,x-unknown,script,0
2026-08-05 21:04:50,GET,fb.content-loader.com,/app.js,0,,x-unknown,script,0
2026-08-05 21:04:56,GET,html-load.com,/vendor.js,0,,x-unknown,parser,0
2026-08-05 21:04:57,GET,fb.html-load.com,/app.js,0,,x-unknown,script,0
2026-08-05 21:04:57,GET,fuel.norexceptdrug.com,/main.js,0,,x-unknown,script,0
2026-08-05 21:04:57,GET,html-load.com,/vendor.js,0,,x-unknown,script,0
2026-08-05 21:04:58,GET,content-loader.com,/vendor.js,0,,x-unknown,script,0
2026-08-05 21:05:00,GET,fb.content-loader.com,/app.js,0,,x-unknown,script,0
2026-08-05 21:05:09,GET,fb.html-load.com,/app.js,0,,x-unknown,script,0
2026-08-05 21:05:09,GET,html-load.com,/vendor.js,0,,x-unknown,parser,0
2026-08-05 21:05:09,GET,html-load.com,/vendor.js,0,,x-unknown,script,0
2026-08-05 21:05:10,GET,fuel.norexceptdrug.com,/main.js,0,,x-unknown,script,0
2026-08-05 21:05:11,GET,content-loader.com,/vendor.js,0,,x-unknown,script,0
2026-08-05 21:05:12,GET,fb.content-loader.com,/app.js,0,,x-unknown,script,0
2026-08-05 21:05:19,GET,html-load.com,/vendor.js,0,,x-unknown,parser,0
2026-08-05 21:05:20,GET,fb.html-load.com,/app.js,0,,x-unknown,script,0
2026-08-05 21:05:20,GET,fuel.norexceptdrug.com,/main.js,0,,x-unknown,script,0
2026-08-05 21:05:20,GET,html-load.com,/vendor.js,0,,x-unknown,script,0
2026-08-05 21:05:21,GET,content-loader.com,/vendor.js,0,,x-unknown,script,0
2026-08-05 21:05:23,GET,fb.content-loader.com,/app.js,0,,x-unknown,script,0
2026-08-05 21:07:48,GET,html-load.com,/vendor.js,0,,x-unknown,parser,0
2026-08-05 21:07:48,GET,html-load.com,/vendor.js,0,,x-unknown,script,0
2026-08-05 21:07:49,GET,fb.html-load.com,/app.js,0,,x-unknown,script,0
2026-08-05 21:07:49,GET,fuel.norexceptdrug.com,/main.js,0,,x-unknown,script,0
2026-08-05 21:07:50,GET,content-loader.com,/vendor.js,0,,x-unknown,script,0
2026-08-05 21:07:52,GET,fb.content-loader.com,/app.js,0,,x-unknown,script,0
2026-08-05 21:09:46,GET,html-load.com,/vendor.js,0,,x-unknown,parser,0
2026-08-05 21:09:47,GET,fb.html-load.com,/app.js,0,,x-unknown,script,0
2026-08-05 21:09:47,GET,fuel.norexceptdrug.com,/main.js,0,,x-unknown,script,0
2026-08-05 21:09:47,GET,html-load.com,/vendor.js,0,,x-unknown,script,0
2026-08-05 21:09:48,GET,content-loader.com,/vendor.js,0,,x-unknown,script,0
2026-08-05 21:09:50,GET,fb.content-loader.com,/app.js,0,,x-unknown,script,0
2026-08-05 21:09:56,GET,fb.html-load.com,/app.js,0,,x-unknown,script,0
2026-08-05 21:09:56,GET,html-load.com,/vendor.js,0,,x-unknown,parser,0
2026-08-05 21:09:56,GET,html-load.com,/vendor.js,0,,x-unknown,script,0
2026-08-05 21:09:57,GET,fuel.norexceptdrug.com,/main.js,0,,x-unknown,script,0
2026-08-05 21:09:58,GET,content-loader.com,/vendor.js,0,,x-unknown,script,0
2026-08-05 21:09:59,GET,fb.content-loader.com,/app.js,0,,x-unknown,script,0
2026-08-05 21:10:17,GET,fb.html-load.com,/app.js,0,,x-unknown,script,0
2026-08-05 21:10:17,GET,html-load.com,/vendor.js,0,,x-unknown,parser,0
2026-08-05 21:10:17,GET,html-load.com,/vendor.js,0,,x-unknown,script,0
2026-08-05 21:10:18,GET,content-loader.com,/vendor.js,0,,x-unknown,script,0
2026-08-05 21:10:18,GET,fuel.norexceptdrug.com,/main.js,0,,x-unknown,script,0
2026-08-05 21:10:20,GET,fb.content-loader.com,/app.js,0,,x-unknown,script,0
2026-08-05 21:10:26,GET,html-load.com,/vendor.js,0,,x-unknown,parser,0
2026-08-05 21:10:26,GET,html-load.com,/vendor.js,0,,x-unknown,script,0
2026-08-05 21:10:27,GET,fb.html-load.com,/app.js,0,,x-unknown,script,0
2026-08-05 21:10:27,GET,fuel.norexceptdrug.com,/main.js,0,,x-unknown,script,0
2026-08-05 21:10:28,GET,content-loader.com,/vendor.js,0,,x-unknown,script,0
2026-08-05 21:10:30,GET,fb.content-loader.com,/app.js,0,,x-unknown,script,0
2026-08-05 21:10:36,GET,fb.html-load.com,/app.js,0,,x-unknown,script,0
2026-08-05 21:10:36,GET,html-load.com,/vendor.js,0,,x-unknown,parser,0
2026-08-05 21:10:36,GET,html-load.com,/vendor.js,0,,x-unknown,script,0
2026-08-05 21:10:37,GET,content-loader.com,/vendor.js,0,,x-unknown,script,0
2026-08-05 21:10:37,GET,fuel.norexceptdrug.com,/main.js,0,,x-unknown,script,0
2026-08-05 21:10:39,GET,fb.content-loader.com,/app.js,0,,x-unknown,script,0
2026-08-05 21:10:45,GET,fb.html-load.com,/app.js,0,,x-unknown,script,0
2026-08-05 21:10:45,GET,html-load.com,/vendor.js,0,,x-unknown,parser,0
2026-08-05 21:10:45,GET,html-load.com,/vendor.js,0,,x-unknown,script,0
2026-08-05 21:10:46,GET,fuel.norexceptdrug.com,/main.js,0,,x-unknown,script,0
2026-08-05 21:10:47,GET,content-loader.com,/vendor.js,0,,x-unknown,script,0
2026-08-05 21:10:48,GET,fb.content-loader.com,/app.js,0,,x-unknown,script,0
2026-08-05 21:11:51,GET,fb.html-load.com,/app.js,0,,x-unknown,script,0
2026-08-05 21:11:51,GET,html-load.com,/vendor.js,0,,x-unknown,parser,0
2026-08-05 21:11:51,GET,html-load.com,/vendor.js,0,,x-unknown,script,0
2026-08-05 21:11:52,GET,fuel.norexceptdrug.com,/main.js,0,,x-unknown,script,0
2026-08-05 21:11:53,GET,content-loader.com,/vendor.js,0,,x-unknown,script,0
2026-08-05 21:11:55,GET,fb.content-loader.com,/app.js,0,,x-unknown,script,0
2026-08-05 21:12:01,GET,fb.html-load.com,/app.js,0,,x-unknown,script,0
2026-08-05 21:12:01,GET,html-load.com,/vendor.js,0,,x-unknown,parser,0
2026-08-05 21:12:01,GET,html-load.com,/vendor.js,0,,x-unknown,script,0
2026-08-05 21:12:02,GET,content-loader.com,/vendor.js,0,,x-unknown,script,0
2026-08-05 21:12:02,GET,fuel.norexceptdrug.com,/main.js,0,,x-unknown,script,0
2026-08-05 21:12:04,GET,fb.content-loader.com,/app.js,0,,x-unknown,script,0
2026-08-05 21:15:35,GET,html-load.com,/vendor.js,0,,x-unknown,parser,0
2026-08-05 21:15:36,GET,fb.html-load.com,/app.js,0,,x-unknown,script,0
2026-08-05 21:15:36,GET,fuel.norexceptdrug.com,/main.js,0,,x-unknown,script,0
2026-08-05 21:15:36,GET,html-load.com,/vendor.js,0,,x-unknown,script,0
2026-08-05 21:15:37,GET,content-loader.com,/vendor.js,0,,x-unknown,script,0
2026-08-05 21:15:39,GET,fb.content-loader.com,/app.js,0,,x-unknown,script,0
2026-08-05 21:16:06,GET,html-load.com,/vendor.js,0,,x-unknown,parser,0
2026-08-05 21:16:06,GET,html-load.com,/vendor.js,0,,x-unknown,script,0
2026-08-05 21:16:07,GET,fb.html-load.com,/app.js,0,,x-unknown,script,0
2026-08-05 21:16:07,GET,fuel.norexceptdrug.com,/main.js,0,,x-unknown,script,0
2026-08-05 21:16:08,GET,content-loader.com,/vendor.js,0,,x-unknown,script,0
2026-08-05 21:16:10,GET,fb.content-loader.com,/app.js,0,,x-unknown,script,0
2026-08-05 21:16:38,GET,fb.html-load.com,/app.js,0,,x-unknown,script,0
2026-08-05 21:16:38,GET,html-load.com,/vendor.js,0,,x-unknown,parser,0
2026-08-05 21:16:38,GET,html-load.com,/vendor.js,0,,x-unknown,script,0
2026-08-05 21:16:39,GET,content-loader.com,/vendor.js,0,,x-unknown,script,0
2026-08-05 21:16:39,GET,fuel.norexceptdrug.com,/main.js,0,,x-unknown,script,0
2026-08-05 21:16:41,GET,fb.content-loader.com,/app.js,0,,x-unknown,script,0
2026-08-05 21:51:24,GET,html-load.com,/vendor.js,0,,x-unknown,parser,0
2026-08-05 21:51:25,GET,fb.html-load.com,/app.js,0,,x-unknown,script,0
2026-08-05 21:51:25,GET,fuel.norexceptdrug.com,/main.js,0,,x-unknown,script,0
2026-08-05 21:51:25,GET,html-load.com,/vendor.js,0,,x-unknown,script,0
2026-08-05 21:51:26,GET,content-loader.com,/vendor.js,0,,x-unknown,script,0
2026-08-05 21:51:28,GET,fb.content-loader.com,/app.js,0,,x-unknown,script,0
2026-08-05 21:51:33,GET,html-load.com,/vendor.js,0,,x-unknown,parser,0
2026-08-05 21:51:33,GET,html-load.com,/vendor.js,0,,x-unknown,script,0
2026-08-05 21:51:34,GET,fb.html-load.com,/app.js,0,,x-unknown,script,0
2026-08-05 21:51:34,GET,fuel.norexceptdrug.com,/main.js,0,,x-unknown,script,0
2026-08-05 21:51:35,GET,content-loader.com,/vendor.js,0,,x-unknown,script,0
2026-08-05 21:51:36,GET,fb.content-loader.com,/app.js,0,,x-unknown,script,0
2026-08-05 21:51:43,GET,fb.html-load.com,/app.js,0,,x-unknown,script,0
2026-08-05 21:51:43,GET,html-load.com,/vendor.js,0,,x-unknown,parser,0
2026-08-05 21:51:43,GET,html-load.com,/vendor.js,0,,x-unknown,script,0
2026-08-05 21:51:44,GET,fuel.norexceptdrug.com,/main.js,0,,x-unknown,script,0
2026-08-05 21:51:45,GET,content-loader.com,/vendor.js,0,,x-unknown,script,0
2026-08-05 21:51:46,GET,fb.content-loader.com,/app.js,0,,x-unknown,script,0
2026-08-05 21:51:52,GET,fb.html-load.com,/app.js,0,,x-unknown,script,0
2026-08-05 21:51:52,GET,html-load.com,/vendor.js,0,,x-unknown,parser,0
2026-08-05 21:51:52,GET,html-load.com,/vendor.js,0,,x-unknown,script,0
2026-08-05 21:51:53,GET,fuel.norexceptdrug.com,/main.js,0,,x-unknown,script,0
2026-08-05 21:51:54,GET,content-loader.com,/vendor.js,0,,x-unknown,script,0
2026-08-05 21:51:55,GET,fb.content-loader.com,/app.js,0,,x-unknown,script,0
2026-08-05 21:52:03,GET,fb.html-load.com,/app.js,0,,x-unknown,script,0
2026-08-05 21:52:03,GET,html-load.com,/vendor.js,0,,x-unknown,parser,0
2026-08-05 21:52:03,GET,html-load.com,/vendor.js,0,,x-unknown,script,0
2026-08-05 21:52:04,GET,fuel.norexceptdrug.com,/main.js,0,,x-unknown,script,0
2026-08-05 21:52:05,GET,content-loader.com,/vendor.js,0,,x-unknown,script,0
2026-08-05 21:52:06,GET,fb.content-loader.com,/app.js,0,,x-unknown,script,0
2026-08-05 22:47:03,GET,fb.html-load.com,/app.js,0,,x-unknown,script,0
2026-08-05 22:47:03,GET,html-load.com,/main.js,0,,x-unknown,parser,0
2026-08-05 22:47:03,GET,html-load.com,/main.js,0,,x-unknown,script,0
2026-08-05 22:47:04,GET,fuel.norexceptdrug.com,/vendor.js,0,,x-unknown,script,0
2026-08-05 22:47:05,GET,content-loader.com,/main.js,0,,x-unknown,script,0
